<?xml version="1.0" encoding="utf-8"?>
<!-- Generated by PRONEXUS WORKS -->
<link:linkbase xmlns:link="http://www.xbrl.org/2003/linkbase" xmlns:xsi="http://www.w3.org/2001/XMLSchema-instance" xmlns:xbrli="http://www.xbrl.org/2003/instance" xmlns:xlink="http://www.w3.org/1999/xlink">
  <link:labelLink xlink:type="extended" xlink:role="http://www.xbrl.org/2003/role/link">
    <link:loc xlink:type="locator" xlink:href="jpcrp040300-q3r-001_E02621-000_2021-11-30_01_2022-01-11.xsd#jpcrp040300-q3r_E02621-000_DepreciationOfRealEstateForInvestmentNOE" xlink:label="DepreciationOfRealEstateForInvestmentNOE" />
    <link:loc xlink:type="locator" xlink:href="jpcrp040300-q3r-001_E02621-000_2021-11-30_01_2022-01-11.xsd#jpcrp040300-q3r_E02621-000_ManagementCostOfRealEstateForInvestmentNOE" xlink:label="ManagementCostOfRealEstateForInvestmentNOE" />
    <link:loc xlink:type="locator" xlink:href="jpcrp040300-q3r-001_E02621-000_2021-11-30_01_2022-01-11.xsd#jpcrp040300-q3r_E02621-000_SubsidiesForEmploymentAdjustmentExtraordinaryIncome" xlink:label="SubsidiesForEmploymentAdjustmentExtraordinaryIncome" />
    <link:loc xlink:type="locator" xlink:href="jpcrp040300-q3r-001_E02621-000_2021-11-30_01_2022-01-11.xsd#jpcrp040300-q3r_E02621-000_GainOnReversalOfLossOnLiquidationOfSubsidiariesEI" xlink:label="GainOnReversalOfLossOnLiquidationOfSubsidiariesEI" />
    <link:loc xlink:type="locator" xlink:href="jpcrp040300-q3r-001_E02621-000_2021-11-30_01_2022-01-11.xsd#jpcrp040300-q3r_E02621-000_LeaveAllowanceExtraordinaryLosses" xlink:label="LeaveAllowanceExtraordinaryLosses" />
    <link:loc xlink:type="locator" xlink:href="jpcrp040300-q3r-001_E02621-000_2021-11-30_01_2022-01-11.xsd#jpcrp040300-q3r_E02621-000_LossOnBrandConsolidationExtraordinaryLosses" xlink:label="LossOnBrandConsolidationExtraordinaryLosses" />
    <link:loc xlink:type="locator" xlink:href="jpcrp040300-q3r-001_E02621-000_2021-11-30_01_2022-01-11.xsd#jpcrp040300-q3r_E02621-000_JewelryBusinessReportableSegmentsMember" xlink:label="JewelryBusinessReportableSegmentsMember" />
    <link:loc xlink:type="locator" xlink:href="jpcrp040300-q3r-001_E02621-000_2021-11-30_01_2022-01-11.xsd#jpcrp040300-q3r_E02621-000_ApparelBusinessReportableSegmentsMember" xlink:label="ApparelBusinessReportableSegmentsMember" />
    <link:loc xlink:type="locator" xlink:href="jpcrp040300-q3r-001_E02621-000_2021-11-30_01_2022-01-11.xsd#jpcrp040300-q3r_E02621-000_GainOnReversalOfForeignCurrencyTranslationAdjustmentEI" xlink:label="GainOnReversalOfForeignCurrencyTranslationAdjustmentEI" />
    <link:label xlink:type="resource" xlink:label="label_DepreciationOfRealEstateForInvestmentNOE" xml:lang="ja" xlink:role="http://www.xbrl.org/2003/role/label" id="label_DepreciationOfRealEstateForInvestmentNOE">投資不動産減価償却費</link:label>
    <link:labelArc xlink:type="arc" xlink:arcrole="http://www.xbrl.org/2003/arcrole/concept-label" xlink:from="DepreciationOfRealEstateForInvestmentNOE" xlink:to="label_DepreciationOfRealEstateForInvestmentNOE" />
    <link:label xlink:type="resource" xlink:label="label_DepreciationOfRealEstateForInvestmentNOE_2" xml:lang="ja" xlink:role="http://www.xbrl.org/2003/role/verboseLabel" id="label_DepreciationOfRealEstateForInvestmentNOE_2">投資不動産減価償却費、営業外費用</link:label>
    <link:labelArc xlink:type="arc" xlink:arcrole="http://www.xbrl.org/2003/arcrole/concept-label" xlink:from="DepreciationOfRealEstateForInvestmentNOE" xlink:to="label_DepreciationOfRealEstateForInvestmentNOE_2" />
    <link:label xlink:type="resource" xlink:label="label_ManagementCostOfRealEstateForInvestmentNOE" xml:lang="ja" xlink:role="http://www.xbrl.org/2003/role/label" id="label_ManagementCostOfRealEstateForInvestmentNOE">投資不動産管理費用</link:label>
    <link:labelArc xlink:type="arc" xlink:arcrole="http://www.xbrl.org/2003/arcrole/concept-label" xlink:from="ManagementCostOfRealEstateForInvestmentNOE" xlink:to="label_ManagementCostOfRealEstateForInvestmentNOE" />
    <link:label xlink:type="resource" xlink:label="label_ManagementCostOfRealEstateForInvestmentNOE_2" xml:lang="ja" xlink:role="http://www.xbrl.org/2003/role/verboseLabel" id="label_ManagementCostOfRealEstateForInvestmentNOE_2">投資不動産管理費用、営業外費用</link:label>
    <link:labelArc xlink:type="arc" xlink:arcrole="http://www.xbrl.org/2003/arcrole/concept-label" xlink:from="ManagementCostOfRealEstateForInvestmentNOE" xlink:to="label_ManagementCostOfRealEstateForInvestmentNOE_2" />
    <link:label xlink:type="resource" xlink:label="label_SubsidiesForEmploymentAdjustmentExtraordinaryIncome" xml:lang="ja" xlink:role="http://www.xbrl.org/2003/role/label" id="label_SubsidiesForEmploymentAdjustmentExtraordinaryIncome">雇用調整助成金</link:label>
    <link:labelArc xlink:type="arc" xlink:arcrole="http://www.xbrl.org/2003/arcrole/concept-label" xlink:from="SubsidiesForEmploymentAdjustmentExtraordinaryIncome" xlink:to="label_SubsidiesForEmploymentAdjustmentExtraordinaryIncome" />
    <link:label xlink:type="resource" xlink:label="label_SubsidiesForEmploymentAdjustmentExtraordinaryIncome_2" xml:lang="ja" xlink:role="http://www.xbrl.org/2003/role/verboseLabel" id="label_SubsidiesForEmploymentAdjustmentExtraordinaryIncome_2">雇用調整助成金、特別利益</link:label>
    <link:labelArc xlink:type="arc" xlink:arcrole="http://www.xbrl.org/2003/arcrole/concept-label" xlink:from="SubsidiesForEmploymentAdjustmentExtraordinaryIncome" xlink:to="label_SubsidiesForEmploymentAdjustmentExtraordinaryIncome_2" />
    <link:label xlink:type="resource" xlink:label="label_GainOnReversalOfLossOnLiquidationOfSubsidiariesEI" xml:lang="ja" xlink:role="http://www.xbrl.org/2003/role/label" id="label_GainOnReversalOfLossOnLiquidationOfSubsidiariesEI">子会社整理損戻入額</link:label>
    <link:labelArc xlink:type="arc" xlink:arcrole="http://www.xbrl.org/2003/arcrole/concept-label" xlink:from="GainOnReversalOfLossOnLiquidationOfSubsidiariesEI" xlink:to="label_GainOnReversalOfLossOnLiquidationOfSubsidiariesEI" />
    <link:label xlink:type="resource" xlink:label="label_GainOnReversalOfLossOnLiquidationOfSubsidiariesEI_2" xml:lang="ja" xlink:role="http://www.xbrl.org/2003/role/verboseLabel" id="label_GainOnReversalOfLossOnLiquidationOfSubsidiariesEI_2">子会社整理損戻入額、特別利益</link:label>
    <link:labelArc xlink:type="arc" xlink:arcrole="http://www.xbrl.org/2003/arcrole/concept-label" xlink:from="GainOnReversalOfLossOnLiquidationOfSubsidiariesEI" xlink:to="label_GainOnReversalOfLossOnLiquidationOfSubsidiariesEI_2" />
    <link:label xlink:type="resource" xlink:label="label_GainOnReversalOfForeignCurrencyTranslationAdjustmentEI" xml:lang="ja" xlink:role="http://www.xbrl.org/2003/role/label" id="label_GainOnReversalOfForeignCurrencyTranslationAdjustmentEI">為替換算調整勘定取崩益</link:label>
    <link:labelArc xlink:type="arc" xlink:arcrole="http://www.xbrl.org/2003/arcrole/concept-label" xlink:from="GainOnReversalOfForeignCurrencyTranslationAdjustmentEI" xlink:to="label_GainOnReversalOfForeignCurrencyTranslationAdjustmentEI" />
    <link:label xlink:type="resource" xlink:label="label_GainOnReversalOfForeignCurrencyTranslationAdjustmentEI_2" xml:lang="ja" xlink:role="http://www.xbrl.org/2003/role/verboseLabel" id="label_GainOnReversalOfForeignCurrencyTranslationAdjustmentEI_2">為替換算調整勘定取崩益、特別利益</link:label>
    <link:labelArc xlink:type="arc" xlink:arcrole="http://www.xbrl.org/2003/arcrole/concept-label" xlink:from="GainOnReversalOfForeignCurrencyTranslationAdjustmentEI" xlink:to="label_GainOnReversalOfForeignCurrencyTranslationAdjustmentEI_2" />
    <link:label xlink:type="resource" xlink:label="label_LeaveAllowanceExtraordinaryLosses" xml:lang="ja" xlink:role="http://www.xbrl.org/2003/role/label" id="label_LeaveAllowanceExtraordinaryLosses">休業手当</link:label>
    <link:labelArc xlink:type="arc" xlink:arcrole="http://www.xbrl.org/2003/arcrole/concept-label" xlink:from="LeaveAllowanceExtraordinaryLosses" xlink:to="label_LeaveAllowanceExtraordinaryLosses" />
    <link:label xlink:type="resource" xlink:label="label_LeaveAllowanceExtraordinaryLosses_2" xml:lang="ja" xlink:role="http://www.xbrl.org/2003/role/verboseLabel" id="label_LeaveAllowanceExtraordinaryLosses_2">休業手当、特別損失</link:label>
    <link:labelArc xlink:type="arc" xlink:arcrole="http://www.xbrl.org/2003/arcrole/concept-label" xlink:from="LeaveAllowanceExtraordinaryLosses" xlink:to="label_LeaveAllowanceExtraordinaryLosses_2" />
    <link:label xlink:type="resource" xlink:label="label_LossOnBrandConsolidationExtraordinaryLosses" xml:lang="ja" xlink:role="http://www.xbrl.org/2003/role/label" id="label_LossOnBrandConsolidationExtraordinaryLosses">ブランド整理損</link:label>
    <link:labelArc xlink:type="arc" xlink:arcrole="http://www.xbrl.org/2003/arcrole/concept-label" xlink:from="LossOnBrandConsolidationExtraordinaryLosses" xlink:to="label_LossOnBrandConsolidationExtraordinaryLosses" />
    <link:label xlink:type="resource" xlink:label="label_LossOnBrandConsolidationExtraordinaryLosses_2" xml:lang="ja" xlink:role="http://www.xbrl.org/2003/role/verboseLabel" id="label_LossOnBrandConsolidationExtraordinaryLosses_2">ブランド整理損、特別損失</link:label>
    <link:labelArc xlink:type="arc" xlink:arcrole="http://www.xbrl.org/2003/arcrole/concept-label" xlink:from="LossOnBrandConsolidationExtraordinaryLosses" xlink:to="label_LossOnBrandConsolidationExtraordinaryLosses_2" />
    <link:label xlink:type="resource" xlink:label="label_JewelryBusinessReportableSegmentsMember" xml:lang="ja" xlink:role="http://www.xbrl.org/2003/role/label" id="label_JewelryBusinessReportableSegmentsMember">ジュエリー事業</link:label>
    <link:labelArc xlink:type="arc" xlink:arcrole="http://www.xbrl.org/2003/arcrole/concept-label" xlink:from="JewelryBusinessReportableSegmentsMember" xlink:to="label_JewelryBusinessReportableSegmentsMember" />
    <link:label xlink:type="resource" xlink:label="label_JewelryBusinessReportableSegmentsMember_2" xml:lang="ja" xlink:role="http://www.xbrl.org/2003/role/verboseLabel" id="label_JewelryBusinessReportableSegmentsMember_2">ジュエリー事業、報告セグメント [メンバー]</link:label>
    <link:labelArc xlink:type="arc" xlink:arcrole="http://www.xbrl.org/2003/arcrole/concept-label" xlink:from="JewelryBusinessReportableSegmentsMember" xlink:to="label_JewelryBusinessReportableSegmentsMember_2" />
    <link:label xlink:type="resource" xlink:label="label_ApparelBusinessReportableSegmentsMember" xml:lang="ja" xlink:role="http://www.xbrl.org/2003/role/label" id="label_ApparelBusinessReportableSegmentsMember">アパレル事業</link:label>
    <link:labelArc xlink:type="arc" xlink:arcrole="http://www.xbrl.org/2003/arcrole/concept-label" xlink:from="ApparelBusinessReportableSegmentsMember" xlink:to="label_ApparelBusinessReportableSegmentsMember" />
    <link:label xlink:type="resource" xlink:label="label_ApparelBusinessReportableSegmentsMember_2" xml:lang="ja" xlink:role="http://www.xbrl.org/2003/role/verboseLabel" id="label_ApparelBusinessReportableSegmentsMember_2">アパレル事業、報告セグメント [メンバー]</link:label>
    <link:labelArc xlink:type="arc" xlink:arcrole="http://www.xbrl.org/2003/arcrole/concept-label" xlink:from="ApparelBusinessReportableSegmentsMember" xlink:to="label_ApparelBusinessReportableSegmentsMember_2" />
  </link:labelLink>
</link:linkbase>