<?xml version="1.0" encoding="utf-8"?>
<!-- Generated by PRONEXUS WORKS -->
<link:linkbase xmlns:link="http://www.xbrl.org/2003/linkbase" xmlns:xsi="http://www.w3.org/2001/XMLSchema-instance" xmlns:xbrli="http://www.xbrl.org/2003/instance" xmlns:xlink="http://www.w3.org/1999/xlink">
  <link:labelLink xlink:type="extended" xlink:role="http://www.xbrl.org/2003/role/link">
    <link:loc xlink:type="locator" xlink:href="jpcrp040300-q3r-001_E02621-000_2021-11-30_01_2022-01-11.xsd#jpcrp040300-q3r_E02621-000_DepreciationOfRealEstateForInvestmentNOE" xlink:label="DepreciationOfRealEstateForInvestmentNOE" />
    <link:loc xlink:type="locator" xlink:href="jpcrp040300-q3r-001_E02621-000_2021-11-30_01_2022-01-11.xsd#jpcrp040300-q3r_E02621-000_ManagementCostOfRealEstateForInvestmentNOE" xlink:label="ManagementCostOfRealEstateForInvestmentNOE" />
    <link:loc xlink:type="locator" xlink:href="jpcrp040300-q3r-001_E02621-000_2021-11-30_01_2022-01-11.xsd#jpcrp040300-q3r_E02621-000_SubsidiesForEmploymentAdjustmentExtraordinaryIncome" xlink:label="SubsidiesForEmploymentAdjustmentExtraordinaryIncome" />
    <link:loc xlink:type="locator" xlink:href="jpcrp040300-q3r-001_E02621-000_2021-11-30_01_2022-01-11.xsd#jpcrp040300-q3r_E02621-000_GainOnReversalOfLossOnLiquidationOfSubsidiariesEI" xlink:label="GainOnReversalOfLossOnLiquidationOfSubsidiariesEI" />
    <link:loc xlink:type="locator" xlink:href="jpcrp040300-q3r-001_E02621-000_2021-11-30_01_2022-01-11.xsd#jpcrp040300-q3r_E02621-000_LeaveAllowanceExtraordinaryLosses" xlink:label="LeaveAllowanceExtraordinaryLosses" />
    <link:loc xlink:type="locator" xlink:href="jpcrp040300-q3r-001_E02621-000_2021-11-30_01_2022-01-11.xsd#jpcrp040300-q3r_E02621-000_LossOnBrandConsolidationExtraordinaryLosses" xlink:label="LossOnBrandConsolidationExtraordinaryLosses" />
    <link:loc xlink:type="locator" xlink:href="jpcrp040300-q3r-001_E02621-000_2021-11-30_01_2022-01-11.xsd#jpcrp040300-q3r_E02621-000_JewelryBusinessReportableSegmentsMember" xlink:label="JewelryBusinessReportableSegmentsMember" />
    <link:loc xlink:type="locator" xlink:href="jpcrp040300-q3r-001_E02621-000_2021-11-30_01_2022-01-11.xsd#jpcrp040300-q3r_E02621-000_ApparelBusinessReportableSegmentsMember" xlink:label="ApparelBusinessReportableSegmentsMember" />
    <link:loc xlink:type="locator" xlink:href="jpcrp040300-q3r-001_E02621-000_2021-11-30_01_2022-01-11.xsd#jpcrp040300-q3r_E02621-000_GainOnReversalOfForeignCurrencyTranslationAdjustmentEI" xlink:label="GainOnReversalOfForeignCurrencyTranslationAdjustmentEI" />
    <link:label xlink:type="resource" xlink:label="label_DepreciationOfRealEstateForInvestmentNOE" xml:lang="en" xlink:role="http://www.xbrl.org/2003/role/label" id="label_DepreciationOfRealEstateForInvestmentNOE">Depreciation of real estate for investment</link:label>
    <link:labelArc xlink:type="arc" xlink:arcrole="http://www.xbrl.org/2003/arcrole/concept-label" xlink:from="DepreciationOfRealEstateForInvestmentNOE" xlink:to="label_DepreciationOfRealEstateForInvestmentNOE" />
    <link:label xlink:type="resource" xlink:label="label_DepreciationOfRealEstateForInvestmentNOE_2" xml:lang="en" xlink:role="http://www.xbrl.org/2003/role/verboseLabel" id="label_DepreciationOfRealEstateForInvestmentNOE_2">Depreciation of real estate for investment-NOE</link:label>
    <link:labelArc xlink:type="arc" xlink:arcrole="http://www.xbrl.org/2003/arcrole/concept-label" xlink:from="DepreciationOfRealEstateForInvestmentNOE" xlink:to="label_DepreciationOfRealEstateForInvestmentNOE_2" />
    <link:label xlink:type="resource" xlink:label="label_ManagementCostOfRealEstateForInvestmentNOE" xml:lang="en" xlink:role="http://www.xbrl.org/2003/role/label" id="label_ManagementCostOfRealEstateForInvestmentNOE">Management cost of real estate for investment</link:label>
    <link:labelArc xlink:type="arc" xlink:arcrole="http://www.xbrl.org/2003/arcrole/concept-label" xlink:from="ManagementCostOfRealEstateForInvestmentNOE" xlink:to="label_ManagementCostOfRealEstateForInvestmentNOE" />
    <link:label xlink:type="resource" xlink:label="label_ManagementCostOfRealEstateForInvestmentNOE_2" xml:lang="en" xlink:role="http://www.xbrl.org/2003/role/verboseLabel" id="label_ManagementCostOfRealEstateForInvestmentNOE_2">Management cost of real estate for investment-NOE</link:label>
    <link:labelArc xlink:type="arc" xlink:arcrole="http://www.xbrl.org/2003/arcrole/concept-label" xlink:from="ManagementCostOfRealEstateForInvestmentNOE" xlink:to="label_ManagementCostOfRealEstateForInvestmentNOE_2" />
    <link:label xlink:type="resource" xlink:label="label_SubsidiesForEmploymentAdjustmentExtraordinaryIncome" xml:lang="en" xlink:role="http://www.xbrl.org/2003/role/label" id="label_SubsidiesForEmploymentAdjustmentExtraordinaryIncome">Subsidies for employment adjustment</link:label>
    <link:labelArc xlink:type="arc" xlink:arcrole="http://www.xbrl.org/2003/arcrole/concept-label" xlink:from="SubsidiesForEmploymentAdjustmentExtraordinaryIncome" xlink:to="label_SubsidiesForEmploymentAdjustmentExtraordinaryIncome" />
    <link:label xlink:type="resource" xlink:label="label_SubsidiesForEmploymentAdjustmentExtraordinaryIncome_2" xml:lang="en" xlink:role="http://www.xbrl.org/2003/role/verboseLabel" id="label_SubsidiesForEmploymentAdjustmentExtraordinaryIncome_2">Subsidies for employment adjustment,Extraordinary income</link:label>
    <link:labelArc xlink:type="arc" xlink:arcrole="http://www.xbrl.org/2003/arcrole/concept-label" xlink:from="SubsidiesForEmploymentAdjustmentExtraordinaryIncome" xlink:to="label_SubsidiesForEmploymentAdjustmentExtraordinaryIncome_2" />
    <link:label xlink:type="resource" xlink:label="label_GainOnReversalOfLossOnLiquidationOfSubsidiariesEI" xml:lang="en" xlink:role="http://www.xbrl.org/2003/role/label" id="label_GainOnReversalOfLossOnLiquidationOfSubsidiariesEI">Gain on reversal of Loss on liquidation of subsidiaries</link:label>
    <link:labelArc xlink:type="arc" xlink:arcrole="http://www.xbrl.org/2003/arcrole/concept-label" xlink:from="GainOnReversalOfLossOnLiquidationOfSubsidiariesEI" xlink:to="label_GainOnReversalOfLossOnLiquidationOfSubsidiariesEI" />
    <link:label xlink:type="resource" xlink:label="label_GainOnReversalOfLossOnLiquidationOfSubsidiariesEI_2" xml:lang="en" xlink:role="http://www.xbrl.org/2003/role/verboseLabel" id="label_GainOnReversalOfLossOnLiquidationOfSubsidiariesEI_2">Gain on reversal of Loss on liquidation of subsidiaries-EI</link:label>
    <link:labelArc xlink:type="arc" xlink:arcrole="http://www.xbrl.org/2003/arcrole/concept-label" xlink:from="GainOnReversalOfLossOnLiquidationOfSubsidiariesEI" xlink:to="label_GainOnReversalOfLossOnLiquidationOfSubsidiariesEI_2" />
    <link:label xlink:type="resource" xlink:label="label_GainOnReversalOfForeignCurrencyTranslationAdjustmentEI" xml:lang="en" xlink:role="http://www.xbrl.org/2003/role/label" id="label_GainOnReversalOfForeignCurrencyTranslationAdjustmentEI">Gain on reversal of foreign currency translation adjustment</link:label>
    <link:labelArc xlink:type="arc" xlink:arcrole="http://www.xbrl.org/2003/arcrole/concept-label" xlink:from="GainOnReversalOfForeignCurrencyTranslationAdjustmentEI" xlink:to="label_GainOnReversalOfForeignCurrencyTranslationAdjustmentEI" />
    <link:label xlink:type="resource" xlink:label="label_GainOnReversalOfForeignCurrencyTranslationAdjustmentEI_2" xml:lang="en" xlink:role="http://www.xbrl.org/2003/role/verboseLabel" id="label_GainOnReversalOfForeignCurrencyTranslationAdjustmentEI_2">Gain on reversal of foreign currency translation adjustment-EI</link:label>
    <link:labelArc xlink:type="arc" xlink:arcrole="http://www.xbrl.org/2003/arcrole/concept-label" xlink:from="GainOnReversalOfForeignCurrencyTranslationAdjustmentEI" xlink:to="label_GainOnReversalOfForeignCurrencyTranslationAdjustmentEI_2" />
    <link:label xlink:type="resource" xlink:label="label_LeaveAllowanceExtraordinaryLosses" xml:lang="en" xlink:role="http://www.xbrl.org/2003/role/label" id="label_LeaveAllowanceExtraordinaryLosses">Leave allowance</link:label>
    <link:labelArc xlink:type="arc" xlink:arcrole="http://www.xbrl.org/2003/arcrole/concept-label" xlink:from="LeaveAllowanceExtraordinaryLosses" xlink:to="label_LeaveAllowanceExtraordinaryLosses" />
    <link:label xlink:type="resource" xlink:label="label_LeaveAllowanceExtraordinaryLosses_2" xml:lang="en" xlink:role="http://www.xbrl.org/2003/role/verboseLabel" id="label_LeaveAllowanceExtraordinaryLosses_2">Leave allowance,Extraordinary losses</link:label>
    <link:labelArc xlink:type="arc" xlink:arcrole="http://www.xbrl.org/2003/arcrole/concept-label" xlink:from="LeaveAllowanceExtraordinaryLosses" xlink:to="label_LeaveAllowanceExtraordinaryLosses_2" />
    <link:label xlink:type="resource" xlink:label="label_LossOnBrandConsolidationExtraordinaryLosses" xml:lang="en" xlink:role="http://www.xbrl.org/2003/role/label" id="label_LossOnBrandConsolidationExtraordinaryLosses">Loss on brand consolidation</link:label>
    <link:labelArc xlink:type="arc" xlink:arcrole="http://www.xbrl.org/2003/arcrole/concept-label" xlink:from="LossOnBrandConsolidationExtraordinaryLosses" xlink:to="label_LossOnBrandConsolidationExtraordinaryLosses" />
    <link:label xlink:type="resource" xlink:label="label_LossOnBrandConsolidationExtraordinaryLosses_2" xml:lang="en" xlink:role="http://www.xbrl.org/2003/role/verboseLabel" id="label_LossOnBrandConsolidationExtraordinaryLosses_2">Loss on brand consolidation,Extraordinary losses</link:label>
    <link:labelArc xlink:type="arc" xlink:arcrole="http://www.xbrl.org/2003/arcrole/concept-label" xlink:from="LossOnBrandConsolidationExtraordinaryLosses" xlink:to="label_LossOnBrandConsolidationExtraordinaryLosses_2" />
    <link:label xlink:type="resource" xlink:label="label_JewelryBusinessReportableSegmentsMember" xml:lang="en" xlink:role="http://www.xbrl.org/2003/role/label" id="label_JewelryBusinessReportableSegmentsMember">Jewelry Business</link:label>
    <link:labelArc xlink:type="arc" xlink:arcrole="http://www.xbrl.org/2003/arcrole/concept-label" xlink:from="JewelryBusinessReportableSegmentsMember" xlink:to="label_JewelryBusinessReportableSegmentsMember" />
    <link:label xlink:type="resource" xlink:label="label_JewelryBusinessReportableSegmentsMember_2" xml:lang="en" xlink:role="http://www.xbrl.org/2003/role/verboseLabel" id="label_JewelryBusinessReportableSegmentsMember_2">Jewelry Business, Reportable segments [member]</link:label>
    <link:labelArc xlink:type="arc" xlink:arcrole="http://www.xbrl.org/2003/arcrole/concept-label" xlink:from="JewelryBusinessReportableSegmentsMember" xlink:to="label_JewelryBusinessReportableSegmentsMember_2" />
    <link:label xlink:type="resource" xlink:label="label_ApparelBusinessReportableSegmentsMember" xml:lang="en" xlink:role="http://www.xbrl.org/2003/role/label" id="label_ApparelBusinessReportableSegmentsMember">Apparel Business</link:label>
    <link:labelArc xlink:type="arc" xlink:arcrole="http://www.xbrl.org/2003/arcrole/concept-label" xlink:from="ApparelBusinessReportableSegmentsMember" xlink:to="label_ApparelBusinessReportableSegmentsMember" />
    <link:label xlink:type="resource" xlink:label="label_ApparelBusinessReportableSegmentsMember_2" xml:lang="en" xlink:role="http://www.xbrl.org/2003/role/verboseLabel" id="label_ApparelBusinessReportableSegmentsMember_2">Apparel Business, Reportable segments [member]</link:label>
    <link:labelArc xlink:type="arc" xlink:arcrole="http://www.xbrl.org/2003/arcrole/concept-label" xlink:from="ApparelBusinessReportableSegmentsMember" xlink:to="label_ApparelBusinessReportableSegmentsMember_2" />
  </link:labelLink>
</link:linkbase>